{"cameraMode":{"drawMode":0,"name":"Shaded","section":"Shading Mode"},"sceneLighting":true,"audioPlay":false,"sceneViewState":{"m_AlwaysRefresh":false,"showFog":true,"showSkybox":true,"showFlares":true,"showImageEffects":true,"showParticleSystems":true,"showVisualEffectGraphs":true,"m_FxEnabled":true},"in2DMode":false,"pivot":{"x":-16.454721450805665,"y":3.1953201293945314,"z":-115.00729370117188},"rotation":{"x":-0.01304733008146286,"y":-0.6725125908851624,"z":-0.011950003914535046,"w":0.7399516105651856},"size":2.4806251525878908,"orthographic":false}